"Primary target","Auxiliary query","Owner URL","Index strategy","On-page evidence added","Supporting project evidence","Noindex decision"
"Handyman services Perth","home maintenance services Perth","https://www.perthhandymate.com.au/services/handyman-interiors-appliance-repairs/handymen/","index,follow; canonical self-reference; included in sitemap","Examples of smaller household repair requests","door-lock-replacement-installation; kitchen-cabinet-hinge-repair","No noindex changes in this round"
"Carpenter Perth","timber door repair Perth","https://www.perthhandymate.com.au/services/handyman-interiors-appliance-repairs/carpenters/","index,follow; canonical self-reference; included in sitemap","Timber repair and cabinet hardware examples","exterior-timber-window-door-repair; kitchen-cabinet-hinge-repair","No noindex changes in this round"
"Cabinet maker Perth","cabinet repair Perth","https://www.perthhandymate.com.au/services/handyman-interiors-appliance-repairs/cabinet-makers/","index,follow; canonical self-reference; included in sitemap","Existing owner content retained","No supporting project selected","No noindex changes in this round"
"IKEA kitchen installation Perth","IKEA kitchen assembly Perth","https://www.perthhandymate.com.au/services/handyman-interiors-appliance-repairs/ikea-kitchens/","index,follow; canonical self-reference; included in sitemap","Existing owner content retained","No supporting project selected","No noindex changes in this round"
"Blind installation Perth","curtain installation Perth","https://www.perthhandymate.com.au/services/handyman-interiors-appliance-repairs/blinds-and-curtains/","index,follow; canonical self-reference; included in sitemap","Existing owner content retained","No supporting project selected","No noindex changes in this round"
"Carpet repair Perth","carpet patch repair Perth","https://www.perthhandymate.com.au/services/handyman-interiors-appliance-repairs/carpet-repair/","index,follow; canonical self-reference; included in sitemap","Existing owner content retained","No supporting project selected","No noindex changes in this round"
"Plaster repair Perth","wall patch repair Perth","https://www.perthhandymate.com.au/services/handyman-interiors-appliance-repairs/plasterers/","index,follow; canonical self-reference; included in sitemap","Existing owner content retained","No supporting project selected","No noindex changes in this round"
"Tiling repairs Perth","bathroom tile repair Perth","https://www.perthhandymate.com.au/services/handyman-interiors-appliance-repairs/tiling/","index,follow; canonical self-reference; included in sitemap","Bathroom surface repair example","bathroom-tile-shower-repair","No noindex changes in this round"
"Door repair Perth","door installation Perth","https://www.perthhandymate.com.au/services/doors-windows-glass-screens/door-installation/","index,follow; canonical self-reference; included in sitemap","Door repair and hardware examples","exterior-timber-window-door-repair; door-lock-replacement-installation","No noindex changes in this round"
"Fly screen repairs Perth","screen door repairs Perth","https://www.perthhandymate.com.au/services/doors-windows-glass-screens/fly-screens/","index,follow; canonical self-reference; included in sitemap","Flyscreen remeshing example","sliding-door-flyscreen-repair","No noindex changes in this round"
"Window repairs Perth","timber window repair Perth","https://www.perthhandymate.com.au/services/doors-windows-glass-screens/window-repairs/","index,follow; canonical self-reference; included in sitemap","Exterior timber window repair example","exterior-timber-window-door-repair","No noindex changes in this round"
"Shower screen repairs Perth","shower screen repair Perth","https://www.perthhandymate.com.au/services/doors-windows-glass-screens/shower-screens/","index,follow; canonical self-reference; included in sitemap","Shower-area repair context","bathroom-tile-shower-repair","No noindex changes in this round"
"Gutter services Perth","gutter cleaning Perth","https://www.perthhandymate.com.au/services/roofing-gutters-exterior/gutter-services/","index,follow; canonical self-reference; included in sitemap","Roof and gutter maintenance example","roof-and-gutter-maintenance","No noindex changes in this round"
"House painters Perth","interior wall repair and painting Perth","https://www.perthhandymate.com.au/services/roofing-gutters-exterior/house-painters/","index,follow; canonical self-reference; included in sitemap","Interior wall repair and paint touch-up example","interior-wall-repair-painting","No noindex changes in this round"
"Garden clean-up Perth","residential landscaping Perth","https://www.perthhandymate.com.au/services/gardens-landscaping/garden-clean-up/","index,follow; canonical self-reference; included in sitemap","Garden clean-up example","garden-clean-up","No noindex changes in this round"
