"URL","Page type","Source file","HTTP status","In sitemap","Robots directive","Canonical","Robots access","GSC evidence","Technical indexability","Owner URL","Action"
"https://www.perthhandymate.com.au/about/","about","about/index.html","Source present; production HTTP not fetched in this record","yes","index,follow","https://www.perthhandymate.com.au/about/","Allowed by robots.txt","GSC snapshot; URL-level status unknown","indexable candidate","","Retain current scope and internal-link role"
"https://www.perthhandymate.com.au/areas/cockburn-rockingham-southern-corridor/","area page","areas/cockburn-rockingham-southern-corridor/index.html","Source present; production HTTP not fetched in this record","yes","index,follow","https://www.perthhandymate.com.au/areas/cockburn-rockingham-southern-corridor/","Allowed by robots.txt","GSC snapshot; URL-level status unknown","indexable candidate","","Retain current scope and internal-link role"
"https://www.perthhandymate.com.au/areas/eastern-suburbs-midland-swan/","area page","areas/eastern-suburbs-midland-swan/index.html","Source present; production HTTP not fetched in this record","yes","index,follow","https://www.perthhandymate.com.au/areas/eastern-suburbs-midland-swan/","Allowed by robots.txt","GSC snapshot; URL-level status unknown","indexable candidate","","Retain current scope and internal-link role"
"https://www.perthhandymate.com.au/areas/fremantle-coastal-south/","area page","areas/fremantle-coastal-south/index.html","Source present; production HTTP not fetched in this record","yes","index,follow","https://www.perthhandymate.com.au/areas/fremantle-coastal-south/","Allowed by robots.txt","GSC snapshot; URL-level status unknown","indexable candidate","","Retain current scope and internal-link role"
"https://www.perthhandymate.com.au/areas/","area hub","areas/index.html","Source present; production HTTP not fetched in this record","yes","index,follow","https://www.perthhandymate.com.au/areas/","Allowed by robots.txt","GSC snapshot; URL-level status unknown","indexable candidate","","Retain current scope and internal-link role"
"https://www.perthhandymate.com.au/areas/joondalup-northern-suburbs/","area page","areas/joondalup-northern-suburbs/index.html","Source present; production HTTP not fetched in this record","yes","index,follow","https://www.perthhandymate.com.au/areas/joondalup-northern-suburbs/","Allowed by robots.txt","GSC snapshot; URL-level status unknown","indexable candidate","","Retain current scope and internal-link role"
"https://www.perthhandymate.com.au/areas/north-perth-stirling/","area page","areas/north-perth-stirling/index.html","Source present; production HTTP not fetched in this record","yes","index,follow","https://www.perthhandymate.com.au/areas/north-perth-stirling/","Allowed by robots.txt","GSC snapshot; URL-level status unknown","indexable candidate","","Retain current scope and internal-link role"
"https://www.perthhandymate.com.au/areas/perth-central/","area page","areas/perth-central/index.html","Source present; production HTTP not fetched in this record","yes","index,follow","https://www.perthhandymate.com.au/areas/perth-central/","Allowed by robots.txt","GSC snapshot; URL-level status unknown","indexable candidate","","Retain current scope and internal-link role"
"https://www.perthhandymate.com.au/areas/south-perth-canning/","area page","areas/south-perth-canning/index.html","Source present; production HTTP not fetched in this record","yes","index,follow","https://www.perthhandymate.com.au/areas/south-perth-canning/","Allowed by robots.txt","GSC snapshot; URL-level status unknown","indexable candidate","","Retain current scope and internal-link role"
"https://www.perthhandymate.com.au/contact/","contact","contact/index.html","Source present; production HTTP not fetched in this record","yes","index,follow","https://www.perthhandymate.com.au/contact/","Allowed by robots.txt","GSC snapshot; URL-level status unknown","indexable candidate","","Retain current scope and internal-link role"
"https://www.perthhandymate.com.au/faq/","faq","faq/index.html","Source present; production HTTP not fetched in this record","yes","index,follow","https://www.perthhandymate.com.au/faq/","Allowed by robots.txt","GSC snapshot; URL-level status unknown","indexable candidate","","Retain current scope and internal-link role"
"https://www.perthhandymate.com.au/guides/home-repair-priorities/","guide","guides/home-repair-priorities/index.html","Source present; production HTTP not fetched in this record","yes","index,follow","https://www.perthhandymate.com.au/guides/home-repair-priorities/","Allowed by robots.txt","GSC snapshot; URL-level status unknown","indexable candidate","","Retain current scope and internal-link role"
"https://www.perthhandymate.com.au/guides/how-to-find-the-right-home-repairer/","guide","guides/how-to-find-the-right-home-repairer/index.html","Source present; production HTTP not fetched in this record","yes","index,follow","https://www.perthhandymate.com.au/guides/how-to-find-the-right-home-repairer/","Allowed by robots.txt","GSC snapshot; URL-level status unknown","indexable candidate","","Retain current scope and internal-link role"
"https://www.perthhandymate.com.au/guides/","guide hub","guides/index.html","Source present; production HTTP not fetched in this record","yes","index,follow","https://www.perthhandymate.com.au/guides/","Allowed by robots.txt","GSC snapshot; URL-level status unknown","indexable candidate","","Retain current scope and internal-link role"
"https://www.perthhandymate.com.au/guides/photos-and-clear-scope-for-home-repairs/","guide","guides/photos-and-clear-scope-for-home-repairs/index.html","Source present; production HTTP not fetched in this record","no","index,follow","https://www.perthhandymate.com.au/guides/photos-and-clear-scope-for-home-repairs/","Allowed by robots.txt","GSC snapshot; URL-level status unknown","not a current index target","","Retain current scope and internal-link role"
"https://www.perthhandymate.com.au/guides/prepare-before-home-repair-quote/","guide","guides/prepare-before-home-repair-quote/index.html","Source present; production HTTP not fetched in this record","yes","index,follow","https://www.perthhandymate.com.au/guides/prepare-before-home-repair-quote/","Allowed by robots.txt","GSC snapshot; URL-level status unknown","indexable candidate","","Retain current scope and internal-link role"
"https://www.perthhandymate.com.au/guides/property-manager-maintenance-coordination/","guide","guides/property-manager-maintenance-coordination/index.html","Source present; production HTTP not fetched in this record","yes","index,follow","https://www.perthhandymate.com.au/guides/property-manager-maintenance-coordination/","Allowed by robots.txt","GSC snapshot; URL-level status unknown","indexable candidate","","Retain current scope and internal-link role"
"https://www.perthhandymate.com.au/guides/seasonal-home-maintenance-australia/","guide","guides/seasonal-home-maintenance-australia/index.html","Source present; production HTTP not fetched in this record","no","index,follow","https://www.perthhandymate.com.au/guides/seasonal-home-maintenance-australia/","Allowed by robots.txt","GSC snapshot; URL-level status unknown","not a current index target","","Retain current scope and internal-link role"
"https://www.perthhandymate.com.au/guides/understanding-service-areas-and-postcode-checks/","guide","guides/understanding-service-areas-and-postcode-checks/index.html","Source present; production HTTP not fetched in this record","no","index,follow","https://www.perthhandymate.com.au/guides/understanding-service-areas-and-postcode-checks/","Allowed by robots.txt","GSC snapshot; URL-level status unknown","not a current index target","","Retain current scope and internal-link role"
"https://www.perthhandymate.com.au/guides/when-home-maintenance-needs-a-licensed-trade/","guide","guides/when-home-maintenance-needs-a-licensed-trade/index.html","Source present; production HTTP not fetched in this record","yes","index,follow","https://www.perthhandymate.com.au/guides/when-home-maintenance-needs-a-licensed-trade/","Allowed by robots.txt","GSC snapshot; URL-level status unknown","indexable candidate","","Retain current scope and internal-link role"
"https://www.perthhandymate.com.au/","homepage","index.html","Source present; production HTTP not fetched in this record","yes","index,follow","https://www.perthhandymate.com.au/","Allowed by robots.txt","GSC snapshot; URL-level status unknown","indexable candidate","","Retain current scope and internal-link role"
"https://www.perthhandymate.com.au/projects/bathroom-tile-shower-repair/","project case study","projects/bathroom-tile-shower-repair/index.html","Source present; production HTTP not fetched in this record","yes","index,follow","https://www.perthhandymate.com.au/projects/bathroom-tile-shower-repair/","Allowed by robots.txt","GSC snapshot; URL-level status unknown","indexable candidate","","Retain as photo-led evidence page"
"https://www.perthhandymate.com.au/projects/decking-refinishing-maintenance/","project case study","projects/decking-refinishing-maintenance/index.html","Source present; production HTTP not fetched in this record","yes","index,follow","https://www.perthhandymate.com.au/projects/decking-refinishing-maintenance/","Allowed by robots.txt","GSC snapshot; URL-level status unknown","indexable candidate","","Retain as photo-led evidence page"
"https://www.perthhandymate.com.au/projects/door-lock-replacement-installation/","project case study","projects/door-lock-replacement-installation/index.html","Source present; production HTTP not fetched in this record","yes","index,follow","https://www.perthhandymate.com.au/projects/door-lock-replacement-installation/","Allowed by robots.txt","GSC snapshot; URL-level status unknown","indexable candidate","","Retain as photo-led evidence page"
"https://www.perthhandymate.com.au/projects/exterior-timber-window-door-repair/","project case study","projects/exterior-timber-window-door-repair/index.html","Source present; production HTTP not fetched in this record","yes","index,follow","https://www.perthhandymate.com.au/projects/exterior-timber-window-door-repair/","Allowed by robots.txt","GSC snapshot; URL-level status unknown","indexable candidate","","Retain as photo-led evidence page"
"https://www.perthhandymate.com.au/projects/garden-clean-up/","project case study","projects/garden-clean-up/index.html","Source present; production HTTP not fetched in this record","yes","index,follow","https://www.perthhandymate.com.au/projects/garden-clean-up/","Allowed by robots.txt","GSC snapshot; URL-level status unknown","indexable candidate","","Retain as photo-led evidence page"
"https://www.perthhandymate.com.au/projects/interior-wall-repair-painting/","project case study","projects/interior-wall-repair-painting/index.html","Source present; production HTTP not fetched in this record","yes","index,follow","https://www.perthhandymate.com.au/projects/interior-wall-repair-painting/","Allowed by robots.txt","GSC snapshot; URL-level status unknown","indexable candidate","","Retain as photo-led evidence page"
"https://www.perthhandymate.com.au/projects/kitchen-cabinet-hinge-repair/","project case study","projects/kitchen-cabinet-hinge-repair/index.html","Source present; production HTTP not fetched in this record","yes","index,follow","https://www.perthhandymate.com.au/projects/kitchen-cabinet-hinge-repair/","Allowed by robots.txt","GSC snapshot; URL-level status unknown","indexable candidate","","Retain as photo-led evidence page"
"https://www.perthhandymate.com.au/projects/roof-and-gutter-maintenance/","project case study","projects/roof-and-gutter-maintenance/index.html","Source present; production HTTP not fetched in this record","yes","index,follow","https://www.perthhandymate.com.au/projects/roof-and-gutter-maintenance/","Allowed by robots.txt","GSC snapshot; URL-level status unknown","indexable candidate","","Retain as photo-led evidence page"
"https://www.perthhandymate.com.au/projects/sliding-door-flyscreen-repair/","project case study","projects/sliding-door-flyscreen-repair/index.html","Source present; production HTTP not fetched in this record","yes","index,follow","https://www.perthhandymate.com.au/projects/sliding-door-flyscreen-repair/","Allowed by robots.txt","GSC snapshot; URL-level status unknown","indexable candidate","","Retain as photo-led evidence page"
"https://www.perthhandymate.com.au/projects/timber-fence-repair/","project case study","projects/timber-fence-repair/index.html","Source present; production HTTP not fetched in this record","yes","index,follow","https://www.perthhandymate.com.au/projects/timber-fence-repair/","Allowed by robots.txt","GSC snapshot; URL-level status unknown","indexable candidate","","Retain as photo-led evidence page"
"https://www.perthhandymate.com.au/services/building-renovation-structural/bathroom/","service detail","services/building-renovation-structural/bathroom/index.html","Source present; production HTTP not fetched in this record","no","noindex,follow","https://www.perthhandymate.com.au/services/building-renovation-structural/bathroom/","Allowed by robots.txt","GSC snapshot; URL-level status unknown","not a current index target","","Retain current scope and internal-link role"
"https://www.perthhandymate.com.au/services/building-renovation-structural/bricklayers/","service detail","services/building-renovation-structural/bricklayers/index.html","Source present; production HTTP not fetched in this record","no","noindex,follow","https://www.perthhandymate.com.au/services/building-renovation-structural/bricklayers/","Allowed by robots.txt","GSC snapshot; URL-level status unknown","not a current index target","","Retain current scope and internal-link role"
"https://www.perthhandymate.com.au/services/building-renovation-structural/builders/","service detail","services/building-renovation-structural/builders/index.html","Source present; production HTTP not fetched in this record","no","noindex,follow","https://www.perthhandymate.com.au/services/building-renovation-structural/builders/","Allowed by robots.txt","GSC snapshot; URL-level status unknown","not a current index target","","Retain current scope and internal-link role"
"https://www.perthhandymate.com.au/services/building-renovation-structural/concrete-resurfacing/","service detail","services/building-renovation-structural/concrete-resurfacing/index.html","Source present; production HTTP not fetched in this record","no","noindex,follow","https://www.perthhandymate.com.au/services/building-renovation-structural/concrete-resurfacing/","Allowed by robots.txt","GSC snapshot; URL-level status unknown","not a current index target","","Retain current scope and internal-link role"
"https://www.perthhandymate.com.au/services/building-renovation-structural/concreters/","service detail","services/building-renovation-structural/concreters/index.html","Source present; production HTTP not fetched in this record","no","noindex,follow","https://www.perthhandymate.com.au/services/building-renovation-structural/concreters/","Allowed by robots.txt","GSC snapshot; URL-level status unknown","not a current index target","","Retain current scope and internal-link role"
"https://www.perthhandymate.com.au/services/building-renovation-structural/demolition/","service detail","services/building-renovation-structural/demolition/index.html","Source present; production HTTP not fetched in this record","no","noindex,follow","https://www.perthhandymate.com.au/services/building-renovation-structural/demolition/","Allowed by robots.txt","GSC snapshot; URL-level status unknown","not a current index target","","Retain current scope and internal-link role"
"https://www.perthhandymate.com.au/services/building-renovation-structural/home-renovators/","service detail","services/building-renovation-structural/home-renovators/index.html","Source present; production HTTP not fetched in this record","no","noindex,follow","https://www.perthhandymate.com.au/services/building-renovation-structural/home-renovators/","Allowed by robots.txt","GSC snapshot; URL-level status unknown","not a current index target","","Retain current scope and internal-link role"
"https://www.perthhandymate.com.au/services/building-renovation-structural/","service hub","services/building-renovation-structural/index.html","Source present; production HTTP not fetched in this record","yes","index,follow","https://www.perthhandymate.com.au/services/building-renovation-structural/","Allowed by robots.txt","GSC snapshot; URL-level status unknown","indexable candidate","","Retain current scope and internal-link role"
"https://www.perthhandymate.com.au/services/building-renovation-structural/restumping/","service detail","services/building-renovation-structural/restumping/index.html","Source present; production HTTP not fetched in this record","no","noindex,follow","https://www.perthhandymate.com.au/services/building-renovation-structural/restumping/","Allowed by robots.txt","GSC snapshot; URL-level status unknown","not a current index target","","Retain current scope and internal-link role"
"https://www.perthhandymate.com.au/services/cleaning-removals-pest-hazard/asbestos-removal/","service detail","services/cleaning-removals-pest-hazard/asbestos-removal/index.html","Source present; production HTTP not fetched in this record","no","noindex,follow","https://www.perthhandymate.com.au/services/cleaning-removals-pest-hazard/asbestos-removal/","Allowed by robots.txt","GSC snapshot; URL-level status unknown","not a current index target","","Retain current scope and internal-link role"
"https://www.perthhandymate.com.au/services/cleaning-removals-pest-hazard/cleaners/","service detail","services/cleaning-removals-pest-hazard/cleaners/index.html","Source present; production HTTP not fetched in this record","no","noindex,follow","https://www.perthhandymate.com.au/services/cleaning-removals-pest-hazard/cleaners/","Allowed by robots.txt","GSC snapshot; URL-level status unknown","not a current index target","","Retain current scope and internal-link role"
"https://www.perthhandymate.com.au/services/cleaning-removals-pest-hazard/","service hub","services/cleaning-removals-pest-hazard/index.html","Source present; production HTTP not fetched in this record","yes","index,follow","https://www.perthhandymate.com.au/services/cleaning-removals-pest-hazard/","Allowed by robots.txt","GSC snapshot; URL-level status unknown","indexable candidate","","Retain current scope and internal-link role"
"https://www.perthhandymate.com.au/services/cleaning-removals-pest-hazard/pest-control/","service detail","services/cleaning-removals-pest-hazard/pest-control/index.html","Source present; production HTTP not fetched in this record","no","noindex,follow","https://www.perthhandymate.com.au/services/cleaning-removals-pest-hazard/pest-control/","Allowed by robots.txt","GSC snapshot; URL-level status unknown","not a current index target","","Retain current scope and internal-link role"
"https://www.perthhandymate.com.au/services/cleaning-removals-pest-hazard/removalists/","service detail","services/cleaning-removals-pest-hazard/removalists/index.html","Source present; production HTTP not fetched in this record","no","noindex,follow","https://www.perthhandymate.com.au/services/cleaning-removals-pest-hazard/removalists/","Allowed by robots.txt","GSC snapshot; URL-level status unknown","not a current index target","","Retain current scope and internal-link role"
"https://www.perthhandymate.com.au/services/cleaning-removals-pest-hazard/rubbish-removal/","service detail","services/cleaning-removals-pest-hazard/rubbish-removal/index.html","Source present; production HTTP not fetched in this record","no","noindex,follow","https://www.perthhandymate.com.au/services/cleaning-removals-pest-hazard/rubbish-removal/","Allowed by robots.txt","GSC snapshot; URL-level status unknown","not a current index target","","Retain current scope and internal-link role"
"https://www.perthhandymate.com.au/services/doors-windows-glass-screens/door-installation/","service detail","services/doors-windows-glass-screens/door-installation/index.html","Source present; production HTTP not fetched in this record","yes","index,follow","https://www.perthhandymate.com.au/services/doors-windows-glass-screens/door-installation/","Allowed by robots.txt","GSC snapshot; URL-level status unknown","indexable candidate","https://www.perthhandymate.com.au/services/doors-windows-glass-screens/door-installation/","Strengthen owner page with matched project evidence"
"https://www.perthhandymate.com.au/services/doors-windows-glass-screens/fly-screens/","service detail","services/doors-windows-glass-screens/fly-screens/index.html","Source present; production HTTP not fetched in this record","yes","index,follow","https://www.perthhandymate.com.au/services/doors-windows-glass-screens/fly-screens/","Allowed by robots.txt","GSC snapshot; URL-level status unknown","indexable candidate","https://www.perthhandymate.com.au/services/doors-windows-glass-screens/fly-screens/","Strengthen owner page with matched project evidence"
"https://www.perthhandymate.com.au/services/doors-windows-glass-screens/glass-glaziers/","service detail","services/doors-windows-glass-screens/glass-glaziers/index.html","Source present; production HTTP not fetched in this record","no","noindex,follow","https://www.perthhandymate.com.au/services/doors-windows-glass-screens/glass-glaziers/","Allowed by robots.txt","GSC snapshot; URL-level status unknown","not a current index target","","Retain current scope and internal-link role"
"https://www.perthhandymate.com.au/services/doors-windows-glass-screens/","service hub","services/doors-windows-glass-screens/index.html","Source present; production HTTP not fetched in this record","yes","index,follow","https://www.perthhandymate.com.au/services/doors-windows-glass-screens/","Allowed by robots.txt","GSC snapshot; URL-level status unknown","indexable candidate","","Retain current scope and internal-link role"
"https://www.perthhandymate.com.au/services/doors-windows-glass-screens/shower-screens/","service detail","services/doors-windows-glass-screens/shower-screens/index.html","Source present; production HTTP not fetched in this record","yes","index,follow","https://www.perthhandymate.com.au/services/doors-windows-glass-screens/shower-screens/","Allowed by robots.txt","GSC snapshot; URL-level status unknown","indexable candidate","https://www.perthhandymate.com.au/services/doors-windows-glass-screens/shower-screens/","Strengthen owner page with matched project evidence"
"https://www.perthhandymate.com.au/services/doors-windows-glass-screens/skylights/","service detail","services/doors-windows-glass-screens/skylights/index.html","Source present; production HTTP not fetched in this record","no","noindex,follow","https://www.perthhandymate.com.au/services/doors-windows-glass-screens/skylights/","Allowed by robots.txt","GSC snapshot; URL-level status unknown","not a current index target","","Retain current scope and internal-link role"
"https://www.perthhandymate.com.au/services/doors-windows-glass-screens/window-installation/","service detail","services/doors-windows-glass-screens/window-installation/index.html","Source present; production HTTP not fetched in this record","no","noindex,follow","https://www.perthhandymate.com.au/services/doors-windows-glass-screens/window-installation/","Allowed by robots.txt","GSC snapshot; URL-level status unknown","not a current index target","","Retain current scope and internal-link role"
"https://www.perthhandymate.com.au/services/doors-windows-glass-screens/window-repairs/","service detail","services/doors-windows-glass-screens/window-repairs/index.html","Source present; production HTTP not fetched in this record","yes","index,follow","https://www.perthhandymate.com.au/services/doors-windows-glass-screens/window-repairs/","Allowed by robots.txt","GSC snapshot; URL-level status unknown","indexable candidate","https://www.perthhandymate.com.au/services/doors-windows-glass-screens/window-repairs/","Strengthen owner page with matched project evidence"
"https://www.perthhandymate.com.au/services/electrical-plumbing-gas-air-conditioning/air-conditioning/","service detail","services/electrical-plumbing-gas-air-conditioning/air-conditioning/index.html","Source present; production HTTP not fetched in this record","no","noindex,follow","https://www.perthhandymate.com.au/services/electrical-plumbing-gas-air-conditioning/air-conditioning/","Allowed by robots.txt","GSC snapshot; URL-level status unknown","not a current index target","","Retain current scope and internal-link role"
"https://www.perthhandymate.com.au/services/electrical-plumbing-gas-air-conditioning/electricians/","service detail","services/electrical-plumbing-gas-air-conditioning/electricians/index.html","Source present; production HTTP not fetched in this record","no","noindex,follow","https://www.perthhandymate.com.au/services/electrical-plumbing-gas-air-conditioning/electricians/","Allowed by robots.txt","GSC snapshot; URL-level status unknown","not a current index target","","Retain current scope and internal-link role"
"https://www.perthhandymate.com.au/services/electrical-plumbing-gas-air-conditioning/gas-fitters/","service detail","services/electrical-plumbing-gas-air-conditioning/gas-fitters/index.html","Source present; production HTTP not fetched in this record","no","noindex,follow","https://www.perthhandymate.com.au/services/electrical-plumbing-gas-air-conditioning/gas-fitters/","Allowed by robots.txt","GSC snapshot; URL-level status unknown","not a current index target","","Retain current scope and internal-link role"
"https://www.perthhandymate.com.au/services/electrical-plumbing-gas-air-conditioning/","service hub","services/electrical-plumbing-gas-air-conditioning/index.html","Source present; production HTTP not fetched in this record","yes","index,follow","https://www.perthhandymate.com.au/services/electrical-plumbing-gas-air-conditioning/","Allowed by robots.txt","GSC snapshot; URL-level status unknown","indexable candidate","","Retain current scope and internal-link role"
"https://www.perthhandymate.com.au/services/electrical-plumbing-gas-air-conditioning/insulation/","service detail","services/electrical-plumbing-gas-air-conditioning/insulation/index.html","Source present; production HTTP not fetched in this record","no","noindex,follow","https://www.perthhandymate.com.au/services/electrical-plumbing-gas-air-conditioning/insulation/","Allowed by robots.txt","GSC snapshot; URL-level status unknown","not a current index target","","Retain current scope and internal-link role"
"https://www.perthhandymate.com.au/services/electrical-plumbing-gas-air-conditioning/plumbers/","service detail","services/electrical-plumbing-gas-air-conditioning/plumbers/index.html","Source present; production HTTP not fetched in this record","no","noindex,follow","https://www.perthhandymate.com.au/services/electrical-plumbing-gas-air-conditioning/plumbers/","Allowed by robots.txt","GSC snapshot; URL-level status unknown","not a current index target","","Retain current scope and internal-link role"
"https://www.perthhandymate.com.au/services/gardens-landscaping/garden-clean-up/","service detail","services/gardens-landscaping/garden-clean-up/index.html","Source present; production HTTP not fetched in this record","yes","index,follow","https://www.perthhandymate.com.au/services/gardens-landscaping/garden-clean-up/","Allowed by robots.txt","GSC snapshot; URL-level status unknown","indexable candidate","https://www.perthhandymate.com.au/services/gardens-landscaping/garden-clean-up/","Strengthen owner page with matched project evidence"
"https://www.perthhandymate.com.au/services/gardens-landscaping/garden-landscapers/","service detail","services/gardens-landscaping/garden-landscapers/index.html","Source present; production HTTP not fetched in this record","no","noindex,follow","https://www.perthhandymate.com.au/services/gardens-landscaping/garden-landscapers/","Allowed by robots.txt","GSC snapshot; URL-level status unknown","not a current index target","","Retain current scope and internal-link role"
"https://www.perthhandymate.com.au/services/gardens-landscaping/gardeners/","service detail","services/gardens-landscaping/gardeners/index.html","Source present; production HTTP not fetched in this record","no","noindex,follow","https://www.perthhandymate.com.au/services/gardens-landscaping/gardeners/","Allowed by robots.txt","GSC snapshot; URL-level status unknown","not a current index target","","Retain current scope and internal-link role"
"https://www.perthhandymate.com.au/services/gardens-landscaping/","service hub","services/gardens-landscaping/index.html","Source present; production HTTP not fetched in this record","yes","index,follow","https://www.perthhandymate.com.au/services/gardens-landscaping/","Allowed by robots.txt","GSC snapshot; URL-level status unknown","indexable candidate","","Retain current scope and internal-link role"
"https://www.perthhandymate.com.au/services/gardens-landscaping/lawn-mowing/","service detail","services/gardens-landscaping/lawn-mowing/index.html","Source present; production HTTP not fetched in this record","no","noindex,follow","https://www.perthhandymate.com.au/services/gardens-landscaping/lawn-mowing/","Allowed by robots.txt","GSC snapshot; URL-level status unknown","not a current index target","","Retain current scope and internal-link role"
"https://www.perthhandymate.com.au/services/gardens-landscaping/synthetic-grass/","service detail","services/gardens-landscaping/synthetic-grass/index.html","Source present; production HTTP not fetched in this record","no","noindex,follow","https://www.perthhandymate.com.au/services/gardens-landscaping/synthetic-grass/","Allowed by robots.txt","GSC snapshot; URL-level status unknown","not a current index target","","Retain current scope and internal-link role"
"https://www.perthhandymate.com.au/services/gardens-landscaping/tree-arborists/","service detail","services/gardens-landscaping/tree-arborists/index.html","Source present; production HTTP not fetched in this record","no","noindex,follow","https://www.perthhandymate.com.au/services/gardens-landscaping/tree-arborists/","Allowed by robots.txt","GSC snapshot; URL-level status unknown","not a current index target","","Retain current scope and internal-link role"
"https://www.perthhandymate.com.au/services/handyman-interiors-appliance-repairs/blinds-and-curtains/","service detail","services/handyman-interiors-appliance-repairs/blinds-and-curtains/index.html","Source present; production HTTP not fetched in this record","yes","index,follow","https://www.perthhandymate.com.au/services/handyman-interiors-appliance-repairs/blinds-and-curtains/","Allowed by robots.txt","GSC snapshot; URL-level status unknown","indexable candidate","https://www.perthhandymate.com.au/services/handyman-interiors-appliance-repairs/blinds-and-curtains/","Strengthen owner page with matched project evidence"
"https://www.perthhandymate.com.au/services/handyman-interiors-appliance-repairs/cabinet-makers/","service detail","services/handyman-interiors-appliance-repairs/cabinet-makers/index.html","Source present; production HTTP not fetched in this record","yes","index,follow","https://www.perthhandymate.com.au/services/handyman-interiors-appliance-repairs/cabinet-makers/","Allowed by robots.txt","GSC snapshot; URL-level status unknown","indexable candidate","https://www.perthhandymate.com.au/services/handyman-interiors-appliance-repairs/cabinet-makers/","Strengthen owner page with matched project evidence"
"https://www.perthhandymate.com.au/services/handyman-interiors-appliance-repairs/carpenters/","service detail","services/handyman-interiors-appliance-repairs/carpenters/index.html","Source present; production HTTP not fetched in this record","yes","index,follow","https://www.perthhandymate.com.au/services/handyman-interiors-appliance-repairs/carpenters/","Allowed by robots.txt","GSC snapshot; URL-level status unknown","indexable candidate","https://www.perthhandymate.com.au/services/handyman-interiors-appliance-repairs/carpenters/","Strengthen owner page with matched project evidence"
"https://www.perthhandymate.com.au/services/handyman-interiors-appliance-repairs/carpet-repair/","service detail","services/handyman-interiors-appliance-repairs/carpet-repair/index.html","Source present; production HTTP not fetched in this record","yes","index,follow","https://www.perthhandymate.com.au/services/handyman-interiors-appliance-repairs/carpet-repair/","Allowed by robots.txt","GSC snapshot; URL-level status unknown","indexable candidate","https://www.perthhandymate.com.au/services/handyman-interiors-appliance-repairs/carpet-repair/","Strengthen owner page with matched project evidence"
"https://www.perthhandymate.com.au/services/handyman-interiors-appliance-repairs/dishwasher-repair/","service detail","services/handyman-interiors-appliance-repairs/dishwasher-repair/index.html","Source present; production HTTP not fetched in this record","no","noindex,follow","https://www.perthhandymate.com.au/services/handyman-interiors-appliance-repairs/dishwasher-repair/","Allowed by robots.txt","GSC snapshot; URL-level status unknown","not a current index target","","Retain current scope and internal-link role"
"https://www.perthhandymate.com.au/services/handyman-interiors-appliance-repairs/floor-sanding/","service detail","services/handyman-interiors-appliance-repairs/floor-sanding/index.html","Source present; production HTTP not fetched in this record","no","noindex,follow","https://www.perthhandymate.com.au/services/handyman-interiors-appliance-repairs/floor-sanding/","Allowed by robots.txt","GSC snapshot; URL-level status unknown","not a current index target","","Retain current scope and internal-link role"
"https://www.perthhandymate.com.au/services/handyman-interiors-appliance-repairs/handymen/","service detail","services/handyman-interiors-appliance-repairs/handymen/index.html","Source present; production HTTP not fetched in this record","yes","index,follow","https://www.perthhandymate.com.au/services/handyman-interiors-appliance-repairs/handymen/","Allowed by robots.txt","GSC snapshot; URL-level status unknown","indexable candidate","https://www.perthhandymate.com.au/services/handyman-interiors-appliance-repairs/handymen/","Strengthen owner page with matched project evidence"
"https://www.perthhandymate.com.au/services/handyman-interiors-appliance-repairs/ikea-kitchens/","service detail","services/handyman-interiors-appliance-repairs/ikea-kitchens/index.html","Source present; production HTTP not fetched in this record","yes","index,follow","https://www.perthhandymate.com.au/services/handyman-interiors-appliance-repairs/ikea-kitchens/","Allowed by robots.txt","GSC snapshot; URL-level status unknown","indexable candidate","https://www.perthhandymate.com.au/services/handyman-interiors-appliance-repairs/ikea-kitchens/","Strengthen owner page with matched project evidence"
"https://www.perthhandymate.com.au/services/handyman-interiors-appliance-repairs/","service hub","services/handyman-interiors-appliance-repairs/index.html","Source present; production HTTP not fetched in this record","yes","index,follow","https://www.perthhandymate.com.au/services/handyman-interiors-appliance-repairs/","Allowed by robots.txt","GSC snapshot; URL-level status unknown","indexable candidate","","Retain current scope and internal-link role"
"https://www.perthhandymate.com.au/services/handyman-interiors-appliance-repairs/new-carpet/","service detail","services/handyman-interiors-appliance-repairs/new-carpet/index.html","Source present; production HTTP not fetched in this record","no","noindex,follow","https://www.perthhandymate.com.au/services/handyman-interiors-appliance-repairs/new-carpet/","Allowed by robots.txt","GSC snapshot; URL-level status unknown","not a current index target","","Retain current scope and internal-link role"
"https://www.perthhandymate.com.au/services/handyman-interiors-appliance-repairs/oven-repair/","service detail","services/handyman-interiors-appliance-repairs/oven-repair/index.html","Source present; production HTTP not fetched in this record","no","noindex,follow","https://www.perthhandymate.com.au/services/handyman-interiors-appliance-repairs/oven-repair/","Allowed by robots.txt","GSC snapshot; URL-level status unknown","not a current index target","","Retain current scope and internal-link role"
"https://www.perthhandymate.com.au/services/handyman-interiors-appliance-repairs/plasterers/","service detail","services/handyman-interiors-appliance-repairs/plasterers/index.html","Source present; production HTTP not fetched in this record","yes","index,follow","https://www.perthhandymate.com.au/services/handyman-interiors-appliance-repairs/plasterers/","Allowed by robots.txt","GSC snapshot; URL-level status unknown","indexable candidate","https://www.perthhandymate.com.au/services/handyman-interiors-appliance-repairs/plasterers/","Strengthen owner page with matched project evidence"
"https://www.perthhandymate.com.au/services/handyman-interiors-appliance-repairs/tiling/","service detail","services/handyman-interiors-appliance-repairs/tiling/index.html","Source present; production HTTP not fetched in this record","yes","index,follow","https://www.perthhandymate.com.au/services/handyman-interiors-appliance-repairs/tiling/","Allowed by robots.txt","GSC snapshot; URL-level status unknown","indexable candidate","https://www.perthhandymate.com.au/services/handyman-interiors-appliance-repairs/tiling/","Strengthen owner page with matched project evidence"
"https://www.perthhandymate.com.au/services/handyman-interiors-appliance-repairs/upholstery-repair/","service detail","services/handyman-interiors-appliance-repairs/upholstery-repair/index.html","Source present; production HTTP not fetched in this record","no","noindex,follow","https://www.perthhandymate.com.au/services/handyman-interiors-appliance-repairs/upholstery-repair/","Allowed by robots.txt","GSC snapshot; URL-level status unknown","not a current index target","","Retain current scope and internal-link role"
"https://www.perthhandymate.com.au/services/handyman-interiors-appliance-repairs/waterproofing/","service detail","services/handyman-interiors-appliance-repairs/waterproofing/index.html","Source present; production HTTP not fetched in this record","no","noindex,follow","https://www.perthhandymate.com.au/services/handyman-interiors-appliance-repairs/waterproofing/","Allowed by robots.txt","GSC snapshot; URL-level status unknown","not a current index target","","Retain current scope and internal-link role"
"https://www.perthhandymate.com.au/services/","service hub","services/index.html","Source present; production HTTP not fetched in this record","yes","index,follow","https://www.perthhandymate.com.au/services/","Allowed by robots.txt","GSC snapshot; URL-level status unknown","indexable candidate","","Retain current scope and internal-link role"
"https://www.perthhandymate.com.au/services/outdoor-structures-fencing-pools/carports-and-garages/","service detail","services/outdoor-structures-fencing-pools/carports-and-garages/index.html","Source present; production HTTP not fetched in this record","no","noindex,follow","https://www.perthhandymate.com.au/services/outdoor-structures-fencing-pools/carports-and-garages/","Allowed by robots.txt","GSC snapshot; URL-level status unknown","not a current index target","","Retain current scope and internal-link role"
"https://www.perthhandymate.com.au/services/outdoor-structures-fencing-pools/deck-builders/","service detail","services/outdoor-structures-fencing-pools/deck-builders/index.html","Source present; production HTTP not fetched in this record","no","noindex,follow","https://www.perthhandymate.com.au/services/outdoor-structures-fencing-pools/deck-builders/","Allowed by robots.txt","GSC snapshot; URL-level status unknown","not a current index target","","Retain current scope and internal-link role"
"https://www.perthhandymate.com.au/services/outdoor-structures-fencing-pools/fence-builders/","service detail","services/outdoor-structures-fencing-pools/fence-builders/index.html","Source present; production HTTP not fetched in this record","no","noindex,follow","https://www.perthhandymate.com.au/services/outdoor-structures-fencing-pools/fence-builders/","Allowed by robots.txt","GSC snapshot; URL-level status unknown","not a current index target","","Retain current scope and internal-link role"
"https://www.perthhandymate.com.au/services/outdoor-structures-fencing-pools/fencing-contractors/","service detail","services/outdoor-structures-fencing-pools/fencing-contractors/index.html","Source present; production HTTP not fetched in this record","no","noindex,follow","https://www.perthhandymate.com.au/services/outdoor-structures-fencing-pools/fencing-contractors/","Allowed by robots.txt","GSC snapshot; URL-level status unknown","not a current index target","","Retain current scope and internal-link role"
"https://www.perthhandymate.com.au/services/outdoor-structures-fencing-pools/","service hub","services/outdoor-structures-fencing-pools/index.html","Source present; production HTTP not fetched in this record","yes","index,follow","https://www.perthhandymate.com.au/services/outdoor-structures-fencing-pools/","Allowed by robots.txt","GSC snapshot; URL-level status unknown","indexable candidate","","Retain current scope and internal-link role"
"https://www.perthhandymate.com.au/services/outdoor-structures-fencing-pools/patio-builders/","service detail","services/outdoor-structures-fencing-pools/patio-builders/index.html","Source present; production HTTP not fetched in this record","no","noindex,follow","https://www.perthhandymate.com.au/services/outdoor-structures-fencing-pools/patio-builders/","Allowed by robots.txt","GSC snapshot; URL-level status unknown","not a current index target","","Retain current scope and internal-link role"
"https://www.perthhandymate.com.au/services/outdoor-structures-fencing-pools/pergola-builders/","service detail","services/outdoor-structures-fencing-pools/pergola-builders/index.html","Source present; production HTTP not fetched in this record","no","noindex,follow","https://www.perthhandymate.com.au/services/outdoor-structures-fencing-pools/pergola-builders/","Allowed by robots.txt","GSC snapshot; URL-level status unknown","not a current index target","","Retain current scope and internal-link role"
"https://www.perthhandymate.com.au/services/outdoor-structures-fencing-pools/pool-fence-installers/","service detail","services/outdoor-structures-fencing-pools/pool-fence-installers/index.html","Source present; production HTTP not fetched in this record","no","noindex,follow","https://www.perthhandymate.com.au/services/outdoor-structures-fencing-pools/pool-fence-installers/","Allowed by robots.txt","GSC snapshot; URL-level status unknown","not a current index target","","Retain current scope and internal-link role"
"https://www.perthhandymate.com.au/services/outdoor-structures-fencing-pools/pool-resurfacing/","service detail","services/outdoor-structures-fencing-pools/pool-resurfacing/index.html","Source present; production HTTP not fetched in this record","no","noindex,follow","https://www.perthhandymate.com.au/services/outdoor-structures-fencing-pools/pool-resurfacing/","Allowed by robots.txt","GSC snapshot; URL-level status unknown","not a current index target","","Retain current scope and internal-link role"
"https://www.perthhandymate.com.au/services/outdoor-structures-fencing-pools/retaining-walls/","service detail","services/outdoor-structures-fencing-pools/retaining-walls/index.html","Source present; production HTTP not fetched in this record","no","noindex,follow","https://www.perthhandymate.com.au/services/outdoor-structures-fencing-pools/retaining-walls/","Allowed by robots.txt","GSC snapshot; URL-level status unknown","not a current index target","","Retain current scope and internal-link role"
"https://www.perthhandymate.com.au/services/outdoor-structures-fencing-pools/timber-fencing/","service detail","services/outdoor-structures-fencing-pools/timber-fencing/index.html","Source present; production HTTP not fetched in this record","no","noindex,follow","https://www.perthhandymate.com.au/services/outdoor-structures-fencing-pools/timber-fencing/","Allowed by robots.txt","GSC snapshot; URL-level status unknown","not a current index target","","Retain current scope and internal-link role"
"https://www.perthhandymate.com.au/services/outdoor-structures-fencing-pools/verandah-builders/","service detail","services/outdoor-structures-fencing-pools/verandah-builders/index.html","Source present; production HTTP not fetched in this record","no","noindex,follow","https://www.perthhandymate.com.au/services/outdoor-structures-fencing-pools/verandah-builders/","Allowed by robots.txt","GSC snapshot; URL-level status unknown","not a current index target","","Retain current scope and internal-link role"
"https://www.perthhandymate.com.au/services/planning-inspection-compliance/building-certifiers/","service detail","services/planning-inspection-compliance/building-certifiers/index.html","Source present; production HTTP not fetched in this record","no","noindex,follow","https://www.perthhandymate.com.au/services/planning-inspection-compliance/building-certifiers/","Allowed by robots.txt","GSC snapshot; URL-level status unknown","not a current index target","","Retain current scope and internal-link role"
"https://www.perthhandymate.com.au/services/planning-inspection-compliance/building-inspectors/","service detail","services/planning-inspection-compliance/building-inspectors/index.html","Source present; production HTTP not fetched in this record","no","noindex,follow","https://www.perthhandymate.com.au/services/planning-inspection-compliance/building-inspectors/","Allowed by robots.txt","GSC snapshot; URL-level status unknown","not a current index target","","Retain current scope and internal-link role"
"https://www.perthhandymate.com.au/services/planning-inspection-compliance/draftsmen/","service detail","services/planning-inspection-compliance/draftsmen/index.html","Source present; production HTTP not fetched in this record","no","noindex,follow","https://www.perthhandymate.com.au/services/planning-inspection-compliance/draftsmen/","Allowed by robots.txt","GSC snapshot; URL-level status unknown","not a current index target","","Retain current scope and internal-link role"
"https://www.perthhandymate.com.au/services/planning-inspection-compliance/","service hub","services/planning-inspection-compliance/index.html","Source present; production HTTP not fetched in this record","yes","index,follow","https://www.perthhandymate.com.au/services/planning-inspection-compliance/","Allowed by robots.txt","GSC snapshot; URL-level status unknown","indexable candidate","","Retain current scope and internal-link role"
"https://www.perthhandymate.com.au/services/planning-inspection-compliance/structural-engineers/","service detail","services/planning-inspection-compliance/structural-engineers/index.html","Source present; production HTTP not fetched in this record","no","noindex,follow","https://www.perthhandymate.com.au/services/planning-inspection-compliance/structural-engineers/","Allowed by robots.txt","GSC snapshot; URL-level status unknown","not a current index target","","Retain current scope and internal-link role"
"https://www.perthhandymate.com.au/services/planning-inspection-compliance/surveyors/","service detail","services/planning-inspection-compliance/surveyors/index.html","Source present; production HTTP not fetched in this record","no","noindex,follow","https://www.perthhandymate.com.au/services/planning-inspection-compliance/surveyors/","Allowed by robots.txt","GSC snapshot; URL-level status unknown","not a current index target","","Retain current scope and internal-link role"
"https://www.perthhandymate.com.au/services/roofing-gutters-exterior/cladding/","service detail","services/roofing-gutters-exterior/cladding/index.html","Source present; production HTTP not fetched in this record","no","noindex,follow","https://www.perthhandymate.com.au/services/roofing-gutters-exterior/cladding/","Allowed by robots.txt","GSC snapshot; URL-level status unknown","not a current index target","","Retain current scope and internal-link role"
"https://www.perthhandymate.com.au/services/roofing-gutters-exterior/gutter-services/","service detail","services/roofing-gutters-exterior/gutter-services/index.html","Source present; production HTTP not fetched in this record","yes","index,follow","https://www.perthhandymate.com.au/services/roofing-gutters-exterior/gutter-services/","Allowed by robots.txt","GSC snapshot; URL-level status unknown","indexable candidate","https://www.perthhandymate.com.au/services/roofing-gutters-exterior/gutter-services/","Strengthen owner page with matched project evidence"
"https://www.perthhandymate.com.au/services/roofing-gutters-exterior/house-painters/","service detail","services/roofing-gutters-exterior/house-painters/index.html","Source present; production HTTP not fetched in this record","yes","index,follow","https://www.perthhandymate.com.au/services/roofing-gutters-exterior/house-painters/","Allowed by robots.txt","GSC snapshot; URL-level status unknown","indexable candidate","https://www.perthhandymate.com.au/services/roofing-gutters-exterior/house-painters/","Strengthen owner page with matched project evidence"
"https://www.perthhandymate.com.au/services/roofing-gutters-exterior/","service hub","services/roofing-gutters-exterior/index.html","Source present; production HTTP not fetched in this record","yes","index,follow","https://www.perthhandymate.com.au/services/roofing-gutters-exterior/","Allowed by robots.txt","GSC snapshot; URL-level status unknown","indexable candidate","","Retain current scope and internal-link role"
"https://www.perthhandymate.com.au/services/roofing-gutters-exterior/pavers/","service detail","services/roofing-gutters-exterior/pavers/index.html","Source present; production HTTP not fetched in this record","no","noindex,follow","https://www.perthhandymate.com.au/services/roofing-gutters-exterior/pavers/","Allowed by robots.txt","GSC snapshot; URL-level status unknown","not a current index target","","Retain current scope and internal-link role"
"https://www.perthhandymate.com.au/services/roofing-gutters-exterior/renderers/","service detail","services/roofing-gutters-exterior/renderers/index.html","Source present; production HTTP not fetched in this record","no","noindex,follow","https://www.perthhandymate.com.au/services/roofing-gutters-exterior/renderers/","Allowed by robots.txt","GSC snapshot; URL-level status unknown","not a current index target","","Retain current scope and internal-link role"
"https://www.perthhandymate.com.au/services/roofing-gutters-exterior/roofing/","service detail","services/roofing-gutters-exterior/roofing/index.html","Source present; production HTTP not fetched in this record","no","noindex,follow","https://www.perthhandymate.com.au/services/roofing-gutters-exterior/roofing/","Allowed by robots.txt","GSC snapshot; URL-level status unknown","not a current index target","","Retain current scope and internal-link role"
